{"stoich_inact": [[13, 13], [], [], [13], [], [], [], [], [13, 13], [], [], [], [], [], [], [], [], [], [13], [6], [], [], [], [], [], [], [], [], [], [], [], [], [], [], [], [], [], [], [], [], [], [], [], [], [], []], "D": [7.500000000000001e-09, 8.4868939188042351e-09, 4.5799999999999995e-09, 4.9000000000000009e-09, 1.2800000000000001e-09, 1.85e-09, 1.7100000000000001e-09, 2.1000000000000002e-09, 2.0099999999999995e-09, 1.3000000000000001e-09, 1.5e-09, 2.1000000000000002e-09, 4.6434592460178563e-09, 2.0153177118135062e-09], "mobility": [0.0, 3.3595840141130514e-07, 0.0, -1.9396921684951814e-07, -5.0669509707629226e-08, 0.0, 0.0, -8.3129664364079195e-08, 0.0, -5.1461220796810932e-08, -5.9378331688627993e-08, 0.0, -1.8381390886178314e-07, 0.0], "stoich_prod": [[2, 12, 12], [2], [6], [2, 12], [12], [13], [11, 12], [9], [6, 12, 12], [4], [11, 13], [5], [11, 11], [4], [5, 13], [8, 12], [8, 13], [6, 8], [6, 8, 12], [8, 13, 13], [9, 13], [5, 12], [9, 12], [0, 12], [1, 12], [13], [1, 4], [6], [4, 13], [6, 12], [1, 7], [11], [7, 13], [11, 12], [1, 9], [5], [9, 13], [5, 12], [1, 3], [0], [3, 13], [0, 12], [2, 11], [0, 13], [10], [7, 8]], "stoich_active": [[3, 3], [0, 0], [11, 11], [0, 3], [3, 11], [0, 11], [3, 6], [3, 8], [3, 9], [3, 5], [0, 6], [0, 8], [0, 5], [0, 9], [6, 11], [9, 11], [5, 11], [5, 5], [5, 9], [6], [4, 11], [6, 7], [4, 7], [2, 7], [13], [1, 12], [6], [1, 4], [6, 12], [4, 13], [11], [1, 7], [11, 12], [7, 13], [5], [1, 9], [5, 12], [9, 13], [0], [1, 3], [0, 12], [3, 13], [0, 13], [2, 11], [7, 8], [10]], "k": [6200626.8248475352, 4620709.3973180661, 4536021.3300301982, 24924110.566070881, 33238768.051630996, 10275115.859569181, 12220669.894413691, 21140386.29248707, 11871356.311020933, 11871356.311020933, 31578.189798599466, 12015958.598389085, 10256125.230882961, 10256125.230882961, 26548.388821969504, 10183488.252075316, 8444902.8299079482, 731.4891688030483, 94744.579216032478, 8.2963187186000497e-08, 3746670.9254647293, 3746670.9254647293, 665070.38433547423, 117074.02357809721, 1.5072344652302458e-05, 124239642.30949245, 0.064935654060275808, 45234915.074470118, 11792990.86524643, 996.63273134405392, 0.064935654060275808, 45234915.074470118, 11792990.86524643, 996.63273134405392, 661666.63454296882, 45234915.074470118, 11792990.86524643, 9.7809070140595926e-05, 3.6676338130356654, 20037006.910616562, 18595.97425361388, 0.012324986158695737, 2.248713112536661e-08, 33977.655052992763, 3469910.3836180116, 1904.8071324573266], "g_value_parents": [-1, -1], "n": 14, "g_values": [[6.173391993168238e-08, 2.826854082920644e-07, 4.504039985331411e-08, 2.826854082920644e-07, 0.0, 0.0, 7.458127653161275e-08, 0.0, 2.1847878116816506e-12, 0.0, 0.0, 2.8532883571590275e-07, 0.0, -4.344957583547516e-07], [1.2255032017620545e-08, 3.438738377259954e-08, 1.0899140864167653e-07, 3.438738377259954e-08, 0.0, 7.3212634705799925e-09, 9.441365820831398e-08, 0.0, 1.3883398409879377e-09, 0.0, 0.0, 4.828076688125346e-08, 0.0, -2.545272899210173e-07]], "units": {"temperature": [1.0, "K"], "amount": [1.0, "mol"], "current": [1.0, "A"], "length": [1.0, "m"], "mass": [1.0, "kg"], "time": [1.0, "s"], "luminous_intensity": [1.0, "cd"]}, "substance_names": ["H", "H+", "H2", "e-(aq)", "HO2-", "HO2", "H2O2", "O-", "O2", "O2-", "O3-", "OH", "OH-", "H2O"], "substance_latex_names": ["H", "H^{+}", "H_{2}", "e^{-}(aq)", "HO_{2}^{-}", "HO_{2}", "H_{2}O_{2}", "O^{-}", "O_{2}", "O_{2}^{-}", "O_{3}^{-}", "OH", "OH^{-}", "H_{2}O"]}