{"units": {"current": [1.0, "A"], "mass": [1.0, "kg"], "temperature": [1.0, "K"], "time": [1.0, "s"], "luminous_intensity": [1.0, "cd"], "length": [1.0, "m"], "amount": [1.0, "mol"]}, "g_value_parents": [-1], "mobility": [0.0, 3.685810975685435e-07, 0.0, -1.910003002650867e-07, -5.0669509707629226e-08, 0.0, 0.0, 0.0, -6.321342341692535e-08, 0.0, -5.511420354163179e-08, 0.0, -5.9262584453367515e-08, 0.0, -2.0873462866275696e-07, 0.0], "D": [7.500000000000001e-09, 9.311e-09, 4.58e-09, 4.825e-09, 1.2800000000000001e-09, 1.86e-09, 1.71e-09, 1.7000000000000001e-09, 1.5968810916179337e-09, 2.01e-09, 1.392280701754386e-09, 2e-09, 1.4970760233918132e-09, 2.1333333333333334e-09, 5.273e-09, 2.023e-09], "stoich_prod": [[15], [1, 14], [1, 4], [6], [4, 15], [6, 14], [0, 14], [3, 15], [1, 3], [0], [8, 15], [13, 14], [1, 8], [13], [1, 10], [5], [10, 15], [5, 14], [14], [13, 14], [4, 14], [4], [10], [2, 14, 14], [2, 14], [8, 14], [14, 14], [9, 14, 14], [12], [2, 13], [14], [13, 14], [9, 14], [2], [15], [13, 15], [5], [6], [4], [7], [6], [9, 15], [9, 14], [0, 15], [5, 15], [4], [5, 14], [11, 14], [1, 10, 10], [5, 9], [4, 9], [6, 9], [9, 14], [9, 13, 15], [9, 13, 14], [9, 9, 14], [7, 9], [6, 9, 14, 14], [9, 14, 14], [9, 13, 14], [8, 9, 14], [9, 9, 14, 14], [9, 12], [4, 14], [12], [0, 14], [10, 15], [10, 14], [10, 10], [9, 10], [8, 9], [9, 13], [9, 10, 15], [9, 10, 14], [0, 9, 14], [9, 13], [6, 9], [6, 9, 9], [9, 9, 14], [1, 12], [7], [5, 10], [9, 10, 13]], "g_values": [[6.840417247201836e-08, 3.21292325247359e-07, 4.6639208503648886e-08, 2.694709824655269e-07, 0.0, 2.0728537112732838e-09, 7.254987989456492e-08, 0.0, 0.0, 0.0, 0.0, 0.0, 0.0, 2.798352510218933e-07, 5.182134278183209e-08, -4.809020610154018e-07]], "substance_names": ["H", "H+", "H2", "e-aq", "HO2-", "HO2", "H2O2", "HO3", "O-", "O2", "O2-", "O3", "O3-", "OH", "OH-", "H2O"], "n": 16, "stoich_reac": [[1, 14], [15], [6], [1, 4], [6, 14], [4, 15], [3, 15], [0, 14], [0], [1, 3], [13, 14], [8, 15], [13], [1, 8], [5], [1, 10], [5, 14], [10, 15], [3, 13], [3, 6], [3, 10, 15], [3, 5], [3, 9], [3, 3, 15, 15], [0, 3, 15], [3, 4], [3, 8, 15], [3, 12, 15], [3, 11], [0, 15], [0, 8], [0, 4], [0, 12], [0, 0], [0, 13], [0, 6], [0, 9], [0, 5], [0, 10], [0, 11], [13, 13], [5, 13], [10, 13], [2, 13], [6, 13], [8, 13], [4, 13], [12, 13], [12, 13], [11, 13], [5, 10], [5, 5], [5, 8], [5, 6], [4, 5], [5, 12], [5, 11], [10, 10, 15, 15], [8, 10, 15], [6, 10], [4, 10], [10, 12, 15], [10, 11], [8, 8, 15], [8, 9], [2, 8], [6, 8], [4, 8], [8, 12], [8, 11], [12], [1, 12], [6, 12], [4, 12], [2, 12], [7], [7, 13], [7, 7], [7, 10], [7], [1, 12], [11, 14], [4, 11]], "substance_tex_names": ["$\\mathrm{H^{\\bullet}}$", "$\\mathrm{H^{+}}$", "$\\mathrm{H_{2}}$", "$\\mathrm{e^{-}_{aq}}$", "$\\mathrm{HO_{2}^{-}}$", "$\\mathrm{HO_{2}}$", "$\\mathrm{H_{2}O_{2}}$", "$\\mathrm{HO_{3}}$", "$\\mathrm{O^{-}}$", "$\\mathrm{O_{2}}$", "$\\mathrm{O_{2}^{-}}$", "$\\mathrm{O_{3}}$", "$\\mathrm{O_{3}^{-}}$", "$\\mathrm{^{\\bullet}OH}$", "$\\mathrm{OH^{-}}$", "$\\mathrm{H_{2}O}$"], "stoich_actv": [[1, 14], [15], [6], [1, 4], [6, 14], [4], [3], [0, 14], [0], [1, 3], [13, 14], [8], [13], [1, 8], [5], [1, 10], [5, 14], [10], [3, 13], [3, 6], [3, 10], [3, 5], [3, 9], [3, 3], [0, 3], [3, 4], [3, 8], [3, 12], [3, 11], [0], [0, 8], [0, 4], [0, 12], [0, 0], [0, 13], [0, 6], [0, 9], [0, 5], [0, 10], [0, 11], [13, 13], [5, 13], [10, 13], [2, 13], [6, 13], [8, 13], [4, 13], [12, 13], [12, 13], [11, 13], [5, 10], [5, 5], [5, 8], [5, 6], [4, 5], [5, 12], [5, 11], [10, 10], [8, 10], [6, 10], [4, 10], [10, 12], [10, 11], [8, 8], [8, 9], [2, 8], [6, 8], [4, 8], [8, 12], [8, 11], [12], [1, 12], [6, 12], [4, 12], [2, 12], [7], [7, 13], [7, 7], [7, 10], [7], [1, 12], [11, 14], [4, 11]], "k": [140000000.0, 0.0014032273333090576, 0.11193605692841689, 50000000.0, 13000000.0, 58202729.542927094, 19.0, 18000.0, 3.905960400662016, 23000000.0, 13000000.0, 103500715.55425139, 0.12589254117941662, 100000000.0, 1345767.401963457, 50000000.0, 50000000.0, 18.619585312728415, 30000000.0, 14000000.0, 13000000.0, 20000000.0, 22200000.0, 5000000.0, 25000000.0, 3500000.0, 22000000.0, 16000000.0, 36000000.0, 11.0, 10000000.0, 90000.0, 10000000.0, 7750000.0, 7000000.0, 90000.0, 21000000.0, 10000000.0, 20000000.0, 38000000.0, 3600000.0, 6000000.0, 8200000.0, 40000.0, 30000.0, 20000000.0, 7500000.0, 2550000.0, 5950000.0, 110000.0, 80000.0, 800.0, 6000000.0, 0.0005, 0.0005, 6000000.0, 500000.0, 0.1, 600000.0, 0.00013000000000000002, 0.00013000000000000002, 10.0, 1500000.0, 1000000.0, 3600000.0, 80000.0, 500000.0, 400000.0, 700000.0, 5000000.0, 300.0, 90000000.0, 1600.0, 890.0, 250.0, 110000.0, 5000000.0, 5000000.0, 10000000.0, 328.097819129701, 52000000.0, 0.07, 2800.0]}