{"tex_names": ["$\\mathrm{H\\cdot}$", "$\\mathrm{H^{+}}$", "$\\mathrm{H_{2}}$", "$\\mathrm{H_{2}O}$", "$\\mathrm{H_{2}O_{2}}$", "$\\mathrm{HO_{2}}$", "$\\mathrm{HO_{2}^{-}}$", "$\\mathrm{HO_{3}}$", "$\\mathrm{O^{-}}$", "$\\mathrm{O_{2}}$", "$\\mathrm{O_{2}^{-}}$", "$\\mathrm{O_{3}}$", "$\\mathrm{O_{3}^{-}}$", "$\\mathrm{OH\\cdot}$", "$\\mathrm{OH^{-}}$", "$\\mathrm{e^{-}(aq)}$"], "D": [7.5, 9.311, 4.58, 2.023, 1.71, 1.8599999999999999, 1.28, 1.7, 1.5968810916179337, 2.01, 1.392280701754386, 2.0, 1.497076023391813, 2.1333333333333333, 5.273, 4.825], "bin_k_factor_span": [6], "k": [5.1819999999999805e-08, 2.6946400000000014e-07, 3.420120000000002e-08, 3.83468e-08, 5.18200000000008e-09, 1.0363999999999901e-09, 140000000000.0, 0.0014032273333090576, 0.11193605692841689, 50000000000.0, 13000000000.0, 58202729.542927094, 19.0, 18000000.0, 3.905960400662016, 23000000000.0, 13000000000.0, 103500715.55425139, 0.12589254117941662, 100000000000.0, 1345767.401963457, 50000000000.0, 50000000000.0, 18.619585312728415, 30000000000.0, 14000000000.0, 13000000000.0, 20000000000.0, 22200000000.0, 5000000000.0, 25000000000.0, 3500000000.0, 22000000000.0, 16000000000.0, 36000000000.0, 11.0, 10000000000.0, 90000000.0, 10000000000.0, 7750000000.0, 7000000000.0, 90000000.0, 21000000000.0, 10000000000.0, 20000000000.0, 38000000000.0, 3600000000.0, 6000000000.0, 8200000000.0, 40000000.0, 30000000.0, 20000000000.0, 7500000000.0, 2550000000.0, 5950000000.0, 110000000.0, 80000000.0, 800000.0, 6000000000.0, 0.5, 0.5, 6000000000.0, 500000000.0, 100.0, 600000000.0, 0.13, 0.13, 10000.0, 1500000000.0, 1000000000.0, 3600000000.0, 80000000.0, 500000000.0, 400000000.0, 700000000.0, 5000000000.0, 300.0, 90000000000.0, 1600000.0, 890000.0, 250000.0, 110000.0, 5000000000.0, 5000000000.0, 10000000000.0, 328.097819129701, 52000000000.0, 70.0, 2800000.0], "stoich_reac": [[3], [3], [3], [3], [3], [3], [1, 14], [3], [4], [1, 6], [4, 14], [3, 6], [3, 15], [0, 14], [0], [1, 15], [13, 14], [3, 8], [13], [1, 8], [5], [1, 10], [5, 14], [3, 10], [13, 15], [4, 15], [3, 10, 15], [5, 15], [9, 15], [3, 3, 15, 15], [0, 3, 15], [6, 15], [3, 8, 15], [3, 12, 15], [11, 15], [0, 3], [0, 8], [0, 6], [0, 12], [0, 0], [0, 13], [0, 4], [0, 9], [0, 5], [0, 10], [0, 11], [13, 13], [5, 13], [10, 13], [2, 13], [4, 13], [8, 13], [6, 13], [12, 13], [12, 13], [11, 13], [5, 10], [5, 5], [5, 8], [4, 5], [5, 6], [5, 12], [5, 11], [3, 3, 10, 10], [3, 8, 10], [4, 10], [6, 10], [3, 10, 12], [10, 11], [3, 8, 8], [8, 9], [2, 8], [4, 8], [6, 8], [8, 12], [8, 11], [12], [1, 12], [4, 12], [6, 12], [2, 12], [7], [7, 13], [7, 7], [7, 10], [7], [1, 12], [11, 14], [6, 11]], "n": 16, "names": ["H", "H+", "H2", "H2O", "H2O2", "HO2", "HO2-", "HO3", "O-", "O2", "O2-", "O3", "O3-", "OH", "OH-", "e-aq"], "stoich_actv": [[3], [3], [3], [3], [3], [3], [1, 14], [3], [4], [1, 6], [4, 14], [6], [15], [0, 14], [0], [1, 15], [13, 14], [8], [13], [1, 8], [5], [1, 10], [5, 14], [10], [13, 15], [4, 15], [10, 15], [5, 15], [9, 15], [15, 15], [0, 15], [6, 15], [8, 15], [12, 15], [11, 15], [0], [0, 8], [0, 6], [0, 12], [0, 0], [0, 13], [0, 4], [0, 9], [0, 5], [0, 10], [0, 11], [13, 13], [5, 13], [10, 13], [2, 13], [4, 13], [8, 13], [6, 13], [12, 13], [12, 13], [11, 13], [5, 10], [5, 5], [5, 8], [4, 5], [5, 6], [5, 12], [5, 11], [10, 10], [8, 10], [4, 10], [6, 10], [10, 12], [10, 11], [8, 8], [8, 9], [2, 8], [4, 8], [6, 8], [8, 12], [8, 11], [12], [1, 12], [4, 12], [6, 12], [2, 12], [7], [7, 13], [7, 7], [7, 10], [7], [1, 12], [11, 14], [6, 11]], "stoich_prod": [[1, 14], [1, 13, 15], [0, 0, 4], [2, 4], [2, 13, 13], [2, 2, 2, 5, 5], [3], [1, 14], [1, 6], [4], [3, 6], [4, 14], [0, 14], [3, 15], [1, 15], [0], [3, 8], [13, 14], [1, 8], [13], [1, 10], [5], [3, 10], [5, 14], [14], [13, 14], [6, 14], [6], [10], [2, 14, 14], [2, 14], [8, 14], [14, 14], [9, 14, 14], [12], [2, 13], [14], [13, 14], [9, 14], [2], [3], [3, 13], [5], [4], [6], [7], [4], [3, 9], [9, 14], [0, 3], [3, 5], [6], [5, 14], [11, 14], [1, 10, 10], [5, 9], [6, 9], [4, 9], [9, 14], [3, 9, 13], [9, 13, 14], [9, 9, 14], [7, 9], [4, 9, 14, 14], [9, 14, 14], [9, 13, 14], [8, 9, 14], [9, 9, 14, 14], [9, 12], [6, 14], [12], [0, 14], [3, 10], [10, 14], [10, 10], [9, 10], [8, 9], [9, 13], [3, 9, 10], [9, 10, 14], [0, 9, 14], [9, 13], [4, 9], [4, 9, 9], [9, 9, 14], [1, 12], [7], [5, 10], [9, 10, 13]], "k_err": [0.0, 0.0, 0.0, 0.0, 0.0, 0.0, 0.0, 0.0, 0.0, 0.0, 0.0, 0.0, 0.0, 0.0, 0.0, 0.0, 0.0, 0.0, 0.0, 0.0, 0.0, 0.0, 0.0, 0.0, 0.0, 0.0, 0.0, 0.0, 0.0, 0.0, 0.0, 0.0, 0.0, 0.0, 0.0, 0.0, 0.0, 0.0, 0.0, 0.0, 0.0, 0.0, 0.0, 0.0, 0.0, 0.0, 0.0, 0.0, 0.0, 0.0, 0.0, 0.0, 0.0, 0.0, 0.0, 0.0, 0.0, 0.0, 0.0, 0.0, 0.0, 0.0, 0.0, 0.0, 0.0, 0.0, 0.0, 0.0, 0.0, 0.0, 0.0, 0.0, 0.0, 0.0, 0.0, 0.0, 0.0, 0.0, 0.0, 0.0, 0.0, 0.0, 0.0, 0.0, 0.0, 0.0, 0.0, 0.0, 0.0], "D_err": [0.0, 0.0, 0.0, 0.0, 0.0, 0.0, 0.0, 0.0, 0.0, 0.0, 0.0, 0.0, 0.0, 0.0, 0.0, 0.0]}