{"D": [2.023, 9.311, 5.273, 1.71, 1.28, 2.1333333333333333, 1.5968810916179337, 1.8599999999999999, 1.392280701754386, 7, 4.825, 2.01, 4.58, 1.497076023391813, 2.0, 1.7], "k": [140000000000.0, 2.5330202018669788e-05, 0.11193605692841689, 50000000000.0, 13000000000.0, 1050640.0939922649, 0.3429763851733114, 22000000.0, 3.9059604006620159, 23000000000.0, 13000000000.0, 1868331.6465078036, 0.12589254117941662, 100000000000.0, 1345767.401963457, 50000000000.0, 50000000000.0, 0.33610937178871958, 30000000000.0, 14000000000.0, 234668053.01331833, 20000000000.0, 22200000000.0, 1792189.4856676843, 451284717.33330446, 3500000000.0, 397130551.25330794, 288822219.0933149, 36000000000.0, 0.19856527562665396, 10000000000.0, 90000000.0, 10000000000.0, 7750000000.0, 7000000000.0, 90000000.0, 21000000000.0, 10000000000.0, 20000000000.0, 38000000000.0, 3600000000.0, 6000000000.0, 8200000000.0, 43000000.0, 27000000.0, 20000000000.0, 7500000000.0, 2550000000.0, 5950000000.0, 110000000.0, 80000000.0, 700000.0, 6000000000.0, 0.5, 0.5, 6000000000.0, 500000000.0, 0.03258526337577608, 10830833.215999307, 0.13, 0.13, 180.5138869333218, 1500000000.0, 18051388.69333218, 3600000000.0, 80000000.0, 500000000.0, 400000000.0, 700000000.0, 5000000000.0, 300.0, 90000000000.0, 1600000.0, 890000.0, 250000.0, 110000.0, 5000000000.0, 5000000000.0, 10000000000.0, 328.09781912970101, 52000000000.0, 70, 2800000.0, 2.80626888626542e-10, 1.4592598208580185e-09, 3.3433653293027785e-12, 3.74862173285463e-12, 5.065705044398149e-13, 3.301346661114224e-17], "stoich_reac": [[1, 2], [0], [3], [1, 4], [2, 3], [0, 4], [10, 0], [9, 2], [9], [10, 1], [2, 5], [6, 0], [5], [1, 6], [7], [1, 8], [2, 7], [0, 8], [10, 5], [10, 3], [10, 0, 8], [10, 7], [10, 11], [10, 10, 0, 0], [10, 9, 0], [10, 4], [10, 6, 0], [10, 0, 13], [10, 14], [9, 0], [9, 6], [9, 4], [9, 13], [9, 9], [9, 5], [9, 3], [9, 11], [9, 7], [9, 8], [9, 14], [5, 5], [7, 5], [8, 5], [12, 5], [3, 5], [6, 5], [4, 5], [13, 5], [13, 5], [14, 5], [8, 7], [7, 7], [6, 7], [7, 3], [7, 4], [7, 13], [7, 14], [0, 0, 8, 8], [6, 8, 0], [8, 3], [8, 4], [0, 8, 13], [8, 14], [6, 6, 0], [6, 11], [12, 6], [6, 3], [6, 4], [6, 13], [6, 14], [13], [1, 13], [13, 3], [13, 4], [12, 13], [15], [15, 5], [15, 15], [8, 15], [15], [1, 13], [2, 14], [14, 4], [0], [0], [0, 0], [0, 0], [0, 0], [0, 0, 0, 0]], "N": 3, "stoich_prod": [[0], [1, 2], [1, 4], [3], [0, 4], [2, 3], [9, 2], [10, 0], [10, 1], [9], [6, 0], [2, 5], [1, 6], [5], [1, 8], [7], [0, 8], [2, 7], [2], [2, 5], [2, 4], [4], [8], [12, 2, 2], [12, 2], [2, 6], [2, 2], [2, 2, 11], [13], [12, 5], [2], [2, 5], [2, 11], [12], [0], [0, 5], [7], [3], [4], [15], [3], [0, 11], [2, 11], [9, 0], [0, 7], [4], [2, 7], [2, 14], [1, 8, 8], [7, 11], [4, 11], [3, 11], [2, 11], [0, 11, 5], [2, 11, 5], [2, 11, 11], [15, 11], [2, 2, 3, 11], [2, 2, 11], [2, 11, 5], [2, 6, 11], [2, 2, 11, 11], [13, 11], [2, 4], [13], [9, 2], [0, 8], [2, 8], [8, 8], [8, 11], [6, 11], [11, 5], [0, 8, 11], [2, 8, 11], [9, 11, 2], [11, 5], [3, 11], [3, 11, 11], [2, 11, 11], [1, 13], [15], [8, 7], [8, 11, 5], [1, 2], [10, 1, 5], [9, 9, 3], [12, 3], [12, 5, 5], [12, 12, 12, 7, 7]], "n": 16}